CustomerID,FirstName,LastName,Email,PhoneNumber,Address,City,State,PostalCode,RegistrationDate
1,Maureen,Burton,amoss@example.com,610-349-1154,"36425 Tom Stravenue Suite 691, Richardfort, AL 91871",Gabrieltown,Utah,42718,2020-09-09
2,Adrienne,Kelley,twilson@example.net,(214)989-0178,"8367 Stephanie Hills Suite 571, Roseborough, MA 12270",Robertfort,Ohio,16825,2024-04-13
3,Jillian,Williams,nicholas39@example.net,354-505-4268x91114,"092 Paul Valley Apt. 114, North Jason, NV 51775",Josephland,Wisconsin,51392,2020-12-21
4,Cheryl,Gonzalez,bryan77@example.org,713.587.6190x38863,"73193 Herman Locks, North Nicoleborough, MN 82684",Thompsonside,Indiana,01860,2023-07-08
5,Michele,Johnson,leecarpenter@example.com,+1-459-715-4541x41315,"43302 Wilson Walk Apt. 668, New Rachel, AL 52637",New Jacquelinehaven,Oklahoma,35760,2020-08-03
6,Timothy,Rice,nicolehall@example.com,425.547.9412,"46759 Samantha Center, Timothyberg, AK 62127",Tonyatown,South Carolina,69819,2024-03-19
7,Eric,Frederick,nicholas04@example.org,(204)950-9906,"015 Lopez Views Apt. 158, North Sharon, VT 52292",East Pamelabury,Maine,92758,2021-03-08
8,Wesley,Perez,johnsonmonica@example.com,904.280.8687x41489,"07762 Delacruz Pines Suite 341, West Williamborough, NM 12548",Frenchside,Louisiana,06088,2022-04-03
9,Samantha,Warren,phamdaisy@example.com,(551)226-4626x2264,"83476 Thompson Orchard Suite 144, Port Shawn, KS 51863",South Davidfort,Louisiana,04088,2020-02-21
10,Nancy,Carter,williamsaunders@example.net,2363460012,"750 Paul Creek, West Stephanie, NE 86751",Kevinport,Pennsylvania,99164,2022-07-02
11,Julia,Torres,susantaylor@example.com,478-515-3609x35259,"25383 Matthew Manor Apt. 474, New Nicole, LA 79895",Acevedochester,Georgia,84936,2024-06-06
12,Gail,Ali,christinagentry@example.org,865-642-8632,"4777 Martinez Bypass Apt. 716, East Anthonytown, IL 79409",North Mollyside,South Carolina,57702,2021-05-31
13,Jessica,Hernandez,shannon80@example.com,001-542-519-4853x002,"88789 Logan Gateway, North Matthewburgh, FM 15116",New Julie,Iowa,89229,2023-07-18
14,William,Nichols,jamie41@example.org,(441)859-4543x05069,"5557 Katie Roads Apt. 757, Port Josephchester, AZ 67604",West Courtneyburgh,Maine,13570,2022-10-14
15,Brittany,Garrison,pmiller@example.com,921-945-1809x309,"Unit 4468 Box 8874, DPO AP 28985",North Dominicmouth,West Virginia,99038,2021-04-16
16,Kimberly,Sanders,ofowler@example.net,528-788-7979x31109,"4741 Matthew Village, Brookston, IN 37862",Lake Scotthaven,South Dakota,85621,2021-03-14
17,Daniel,Tapia,michelle59@example.net,+1-813-749-9134x714,"985 Scott Forks, South Joshuahaven, WA 79430",West John,Minnesota,81918,2022-02-24
18,Rhonda,Wilson,rachel31@example.com,832.563.7909,"8992 Reynolds Islands, Stacyfort, KS 41874",East Rachelberg,Utah,28244,2024-04-04
19,Carla,Martin,mccormickkelly@example.net,+1-641-529-9968x403,"1345 Rodriguez Corner, Shawburgh, RI 22416",Lake Laceyton,Ohio,34010,2024-05-14
20,Yvette,Taylor,dalemoore@example.org,001-529-860-7756x1256,"Unit 9328 Box 4160, DPO AP 33722",Torresshire,Nevada,51614,2022-08-12
21,Laura,Edwards,pruittdavid@example.com,001-252-866-7161,"2624 Steven Trafficway Suite 863, Acostatown, CO 42005",Murphyville,Indiana,03600,2022-07-23
22,Anita,Duarte,dawn30@example.org,+1-591-277-5673,"2254 Hernandez Ways Apt. 087, Thomasborough, PR 08913",Reginaport,Maryland,27236,2022-04-10
23,Hannah,Lee,sawyerandrew@example.org,260-505-7619x2468,"46554 Amber Manor, Meganchester, KS 83531",North Diana,Indiana,13588,2021-02-24
24,Joann,Mathews,stefanie90@example.org,431.542.9044x028,"6640 Dylan Pike Apt. 416, Stoneland, MS 81722",New Nancy,Michigan,75519,2021-07-18
25,Olivia,Mason,john76@example.com,275-619-5422,"341 Jennifer Land, Christinestad, VI 21098",Port Kyleside,Kansas,96612,2021-05-27
26,Andrea,King,harrisdonald@example.org,969.986.1947x5261,"41957 Mariah Ridges Apt. 107, Rodgersshire, IL 88971",Joshuafort,New Mexico,82794,2023-09-24
27,Sandra,Mason,amanda82@example.net,332-467-4783x637,"19785 Walker Mountains Suite 576, Lake Tammyland, PA 79776",East Rubenberg,New York,32516,2023-06-12
28,Lori,Grant,logan87@example.com,779-824-4152,"0235 Perez Avenue, Guzmanshire, ID 32381",Mcdanielport,Wyoming,36347,2022-01-10
29,Benjamin,Wright,kimberlyedwards@example.org,+1-269-216-7797x5674,"97906 Phillips Turnpike Suite 353, Kathrynborough, NY 00604",Smithport,Maine,25545,2020-04-24
30,Heather,Gonzales,sharonadams@example.org,+1-576-797-8485x230,"1111 Hanson Roads Apt. 967, Tiffanychester, ID 77878",Port James,Nebraska,24366,2022-09-26
31,David,Ford,drakekathleen@example.com,(845)496-0507x289,"34792 Robert Mission, Madisontown, WV 11644",Kevinview,Alabama,30026,2023-04-03
32,Melvin,Fernandez,mullenricky@example.org,581-619-8827x85830,"USCGC Contreras, FPO AE 71356",Haroldport,Florida,75564,2022-11-03
33,Michael,Mccarthy,lbaldwin@example.com,868-321-6995x718,"9074 Osborne Parks, Paulamouth, DE 18643",Chavezport,Texas,50072,2021-02-26
34,Mitchell,Mercer,melissabailey@example.org,+1-340-741-9246x0794,"128 Thomas Forge, Brianside, IN 86279",Careyland,Pennsylvania,76796,2020-04-01
35,Richard,Reynolds,hallkerry@example.org,398-289-1961x53959,"756 Thomas Park, New Tinahaven, IL 68895",South Wayne,Washington,71870,2020-09-10
36,David,Harvey,gfinley@example.com,303-963-1808,"6573 Jasmine Street Suite 996, Longtown, PR 70239",North Lynntown,Indiana,56964,2021-11-15
37,Mark,Ross,kenneth35@example.org,001-471-437-7291,"969 Middleton Plains, Dominguezview, WV 47660",Ebonyfort,Montana,70649,2020-07-22
38,Eddie,Jones,lindseymacias@example.org,862-631-0895,"Unit 3231 Box 8768, DPO AE 30827",Youngburgh,Tennessee,66267,2021-08-16
39,Natasha,Berry,ryanmeyer@example.org,909-547-6283x073,"6598 Michael Walks Apt. 452, West Courtneyville, MT 75468",Port Michael,California,81869,2020-10-30
40,Kimberly,Barajas,jmorrow@example.com,903.429.4547,"5783 Melissa Trail, Karenfurt, MN 55714",Port Christinamouth,Nevada,33804,2024-04-29
41,Christine,Long,steven31@example.net,001-761-364-8673x812,"61268 Beasley Courts, Ballardville, AS 36159",Andrewston,North Dakota,36418,2023-05-12
42,Tamara,Nichols,mary84@example.net,543-223-9331x3297,"318 Rebecca Extension Suite 513, Johnberg, DE 66090",Parrishview,Delaware,42429,2020-04-24
43,Larry,Carter,pthomas@example.net,659.602.3372x5087,"8816 Morales Lane, Chelseachester, GU 52794",Tammyside,Georgia,71724,2022-12-05
44,Walter,Mcneil,burgesswilliam@example.org,+1-543-486-9514x638,"Unit 6813 Box 7717, DPO AE 31075",West Ricardohaven,Rhode Island,79481,2023-02-07
45,Teresa,Ross,daniel12@example.com,001-453-538-7785x428,"97700 Cox Brooks Apt. 535, Gillfurt, NH 74146",East Brandytown,Pennsylvania,89224,2022-12-01
46,Ryan,Grant,shauntanner@example.org,(425)503-1541x54670,"PSC 6595, Box 3452, APO AE 86632",New Lorichester,Indiana,41409,2023-06-07
47,John,Mata,keithpeterson@example.com,+1-662-717-2480,"65600 Hill Isle Suite 676, Carpenterport, MA 57046",Reedberg,Pennsylvania,57435,2023-06-02
48,Jeffery,Smith,heather56@example.com,(227)234-5776x4256,"965 Morrison Bridge, Lake Christy, WY 35290",Priceport,New York,02172,2020-12-31
49,Courtney,Miller,john63@example.com,(553)790-6945x817,"4285 Tiffany Street Apt. 922, Carrborough, NY 94038",Zacharyhaven,New Jersey,03006,2021-12-20
50,Erica,Gould,uchen@example.net,429.648.6938x1903,"7797 Angela Radial Apt. 936, Smithberg, PA 15416",Whitemouth,Vermont,46051,2023-01-05
51,Jessica,Casey,burnssteven@example.org,672-470-8175x52738,"988 Julie Crescent Suite 424, Yangmouth, MI 87163",Katelynborough,Massachusetts,62397,2023-04-11
52,Michael,Crane,kathrynbradley@example.net,494.374.7887,"50728 Meghan Mountains, Wrightmouth, MH 97248",South Richard,Texas,55553,2022-12-18
53,Erica,Shields,michael68@example.net,700-323-6007,"548 Mike Knolls, Perezside, CA 69849",Gardnerfort,Texas,17754,2023-11-28
54,Carla,Stewart,kathleenhansen@example.net,692-423-9856x86055,"63864 Dustin Neck, Tannermouth, OR 86374",Brittanyport,Montana,16730,2022-10-10
55,Kristin,Garner,igonzalez@example.net,(409)690-3564,"9751 Stephen Center Suite 426, Wilsonport, CO 70345",Simonberg,West Virginia,60743,2022-11-29
56,Nicole,Carter,hinesleslie@example.net,706-205-5840x840,"PSC 8714, Box 3488, APO AP 90515",Lake Jonathan,Arizona,23862,2023-01-27
57,Daniel,Green,lewisbeth@example.net,001-690-832-8046x5036,"860 Donaldson Views, Lopezview, FM 68775",Jessicaton,New York,98930,2024-06-17
58,Michael,Lambert,matthewbailey@example.com,+1-327-688-6114x3802,"206 Luna Hill, Jillshire, TN 36077",Sharonbury,South Dakota,31864,2022-10-28
59,Shannon,Neal,vaughancorey@example.org,833-913-0661x5505,"USS Weber, FPO AE 28473",South Deborahside,Maryland,12575,2020-11-19
60,John,Hill,harrellmichelle@example.com,001-572-836-8344x62846,"Unit 8764 Box 0196, DPO AA 22330",East Evan,Colorado,80199,2020-12-02
61,Claudia,Sanchez,amanda59@example.org,(934)538-3717x696,"9018 Mcgee Streets, Nicoleberg, NM 43655",West Nicole,New Mexico,93550,2020-08-29
62,Philip,Flowers,spencerrichard@example.org,(828)863-0424,"867 Leon Circle Suite 900, Debrastad, SD 50199",Gordonshire,Nevada,48841,2022-11-17
63,Heather,Garcia,hhorton@example.net,001-884-909-8923,"0900 Shawn Drive, Carrollfort, RI 03884",New Emily,Michigan,64789,2020-05-13
64,Jessica,Pacheco,zachary57@example.net,001-785-202-6776,"070 Christopher Radial, Francoview, MT 13911",Matthewmouth,New Mexico,95955,2023-01-31
65,Laura,Baker,jclark@example.org,(206)823-1714,"34070 Harrell Mountains, Gutierrezfort, MN 49997",Williamfort,Utah,29812,2024-03-08
66,Tracy,Fisher,whitecory@example.net,+1-807-295-8181x23243,"PSC 7902, Box 4504, APO AA 57239",West Robert,Maryland,34996,2020-05-31
67,Gail,Owens,mariablackwell@example.com,(386)264-3996x4429,"6012 Lawson Hills Suite 566, West Toddport, OR 48063",Hernandezside,Delaware,98454,2020-04-16
68,Karen,Hardy,beasleyalbert@example.org,9817221875,"011 Johnson Walks, North Loriport, DC 63987",North Debrafort,Tennessee,62461,2021-04-18
69,Cole,Peterson,gabrielknox@example.org,+1-372-514-8942x44443,"20840 Pierce Bypass Suite 354, Lake Ashleytown, OR 69692",West Tara,Nevada,82845,2024-06-29
70,James,Walker,rebeccalambert@example.org,937.662.6709x3327,"90482 Allen Burgs, South Erinview, AZ 78855",Justinport,Michigan,91565,2022-12-15
71,Susan,Johnson,vwilliams@example.com,609.340.2536,"PSC 8384, Box 1034, APO AA 60938",Amandachester,Massachusetts,24382,2023-09-05
72,Michelle,Byrd,edaniel@example.net,9897643602,"252 Mahoney River, Lake Charles, CT 69687",North Crystal,Montana,89720,2021-07-06
73,Austin,Clark,melissanewman@example.com,001-850-710-0753x06997,"50472 Carrie Canyon Apt. 886, Port Bonnie, OH 57465",New Soniatown,Vermont,46721,2023-12-02
74,Jasmine,Harrison,lvillanueva@example.org,(377)644-1190x8507,"778 Meyer Crest, South Melissatown, VI 39968",Smithport,West Virginia,94077,2021-04-01
75,Michelle,Nelson,paula99@example.net,+1-838-868-7644,"8274 Soto Parkways Apt. 625, Ritaborough, AZ 59747",Lake Jessicaland,Massachusetts,33092,2023-04-08
76,Melissa,Scott,alvaradosophia@example.com,866-923-2950,"4140 Antonio Squares, Lake Lanceshire, DC 07067",Whitestad,West Virginia,34548,2021-08-26
77,Jorge,Smith,robinsonheather@example.org,827.213.0753,"831 Michael River Suite 019, New Susan, ND 33039",Port Robertstad,Michigan,68669,2021-03-02
78,Cynthia,Harris,gardnereric@example.com,807-852-7356,"88280 Traci Track Suite 175, Lake Natalieport, MO 56725",South James,South Carolina,71579,2020-02-13
79,Michael,Meyers,fsmith@example.com,(632)775-9553,"6589 David Green Apt. 102, Haneybury, TX 05983",Butlerville,Nebraska,71556,2020-03-24
80,Stacy,Miller,bross@example.net,203-740-3923x3657,"69711 White Extensions, Lake Bryan, DE 45870",East Thomasstad,Vermont,52766,2020-06-17
81,Jillian,Terry,jason97@example.org,841.822.8867x753,"16009 Glenn Club, Andrewville, NM 31033",South John,South Dakota,63508,2020-04-26
82,Victoria,Hendrix,jocelyn46@example.net,(798)900-8828x0418,"60071 Madeline Court, Richardhaven, IA 95791",South Josemouth,Connecticut,06569,2023-10-03
83,Laurie,Armstrong,williamray@example.net,890-601-5897x271,"8963 Ramirez Circle, Barbarafort, OK 56586",Garciafurt,Hawaii,79311,2024-04-13
84,Joshua,Lowe,hwatson@example.org,+1-542-309-4471x0539,"2889 Jeffery Islands Suite 317, East Paul, VA 44207",Douglasland,Nevada,40474,2022-02-15
85,Rebecca,Carlson,gdunlap@example.org,+1-768-848-8645x73588,"Unit 4824 Box 2611, DPO AP 06915",Garciaport,Missouri,51760,2023-11-21
86,Anna,May,barbara04@example.net,582.808.4371,"1422 Roberts Mountain Apt. 286, Brandonborough, PA 63200",Lake Seanberg,North Dakota,76969,2022-07-23
87,Robert,Gonzalez,christy13@example.org,615.459.2555x7405,"887 Stewart Summit, Erinview, NH 50519",New Wendyport,Georgia,05908,2022-07-31
88,Bruce,Frank,caitlinsmith@example.org,8807883790,"3663 Hopkins Turnpike, Gutierrezborough, KY 99893",Lake Terriberg,New Mexico,26202,2020-10-05
89,John,King,marissafox@example.org,928-357-9224,"280 Marie Meadows, Thompsonside, MO 10210",Ericchester,Massachusetts,07806,2021-01-10
90,Charles,Branch,erica61@example.org,465-866-0235,"832 Teresa Forks, West Kathleen, AK 87507",Hayesmouth,Oregon,83238,2020-10-14
91,Robert,Wilson,christopher58@example.net,(620)620-1201x8278,"789 Lisa Forest, Ryanport, VA 58941",North Lisa,Louisiana,97611,2022-07-31
92,Sylvia,Parker,bfuller@example.com,698.770.9387,"757 Thomas Spring Apt. 591, Monicamouth, AR 67484",South Apriltown,North Carolina,81183,2022-05-02
93,Peggy,Terry,tammy65@example.com,+1-446-550-3159x852,"USNV Patterson, FPO AP 10634",Laurieton,Utah,32333,2024-03-05
94,Amanda,Miller,marcus27@example.com,+1-866-511-0256x605,"931 Amber Forks, Lake Davidborough, KY 28944",West Kevinburgh,Nevada,10749,2024-07-13
95,David,Jimenez,kyle83@example.net,+1-885-873-8144x7421,"002 Cole Hills, Ashleechester, OH 46980",Rivershaven,New Hampshire,26613,2024-02-17
96,Tonya,Martin,gregory75@example.org,5188026276,"927 Courtney Pass Apt. 510, Byrdborough, PW 39605",North Sherri,Rhode Island,76535,2020-03-29
97,Steven,Jones,nwilliams@example.org,001-859-451-5744x41881,"184 Alyssa Greens, New Kathrynborough, MS 81762",New Melissastad,New York,69591,2021-01-17
98,Amanda,Conley,qmueller@example.com,(753)245-7839,"2924 Angelica Glen, New Daniel, VI 70752",West Nicoleton,Pennsylvania,15362,2020-02-06
99,Megan,Reed,deborah61@example.com,001-418-665-5288,"765 Nunez Summit, New Danielletown, MS 43567",West Tracyville,Kentucky,16761,2020-03-31
100,Dawn,Castillo,lisa53@example.com,001-961-293-4123,"3112 Brian Mountains, Michaelside, AK 23027",Port Jennifer,Colorado,60613,2023-06-25
