URL,Title
https://en.wikipedia.org/wiki/Telugu_language,Telugu language - Wikipedia
https://en.wikipedia.org/wiki/Telugu_language#bodyContent,Telugu language - Wikipedia
https://donate.wikimedia.org/wiki/Special:FundraiserRedirector?utm_source=donate&utm_medium=sidebar&utm_campaign=C13_en.wikipedia.org&uselang=en,Make your donation now - Wikimedia Foundation
https://en.wikipedia.org/wiki/Telugu_language#,Telugu language - Wikipedia
https://en.wikipedia.org/wiki/Telugu_language#Etymology,Telugu language - Wikipedia
https://en.wikipedia.org/wiki/Telugu_language#History,Telugu language - Wikipedia
https://en.wikipedia.org/wiki/Telugu_language#Pre-historic_Telugu_(c._600_BCE_-_200_BCE),Telugu language - Wikipedia
https://en.wikipedia.org/wiki/Telugu_language#Earliest_records,Telugu language - Wikipedia
https://en.wikipedia.org/wiki/Telugu_language#Post-Ikshvaku_period,Telugu language - Wikipedia
https://en.wikipedia.org/wiki/Telugu_language#Middle_Ages,Telugu language - Wikipedia
https://en.wikipedia.org/wiki/Telugu_language#Vijayanagara_Empire,Telugu language - Wikipedia
https://en.wikipedia.org/wiki/Telugu_language#Delhi_Sultanate_and_Mughal_influence,Telugu language - Wikipedia
https://en.wikipedia.org/wiki/Telugu_language#Colonial_period,Telugu language - Wikipedia
https://en.wikipedia.org/wiki/Telugu_language#Post-independence_period,Telugu language - Wikipedia
https://en.wikipedia.org/wiki/Telugu_language#Geographic_distribution,Telugu language - Wikipedia
https://en.wikipedia.org/wiki/Telugu_language#Legal_status,Telugu language - Wikipedia
https://en.wikipedia.org/wiki/Telugu_language#Epigraphical_records,Telugu language - Wikipedia
https://en.wikipedia.org/wiki/Telugu_language#Geographical_influence,Telugu language - Wikipedia
https://en.wikipedia.org/wiki/Telugu_language#Telugu_region_boundaries,Telugu language - Wikipedia
https://en.wikipedia.org/wiki/Telugu_language#Telugu_Place_Names,Telugu language - Wikipedia
https://en.wikipedia.org/wiki/Telugu_language#Dialects,Telugu language - Wikipedia
https://en.wikipedia.org/wiki/Telugu_language#Phonology,Telugu language - Wikipedia
https://en.wikipedia.org/wiki/Telugu_language#Consonants,Telugu language - Wikipedia
https://en.wikipedia.org/wiki/Telugu_language#Vowels,Telugu language - Wikipedia
https://en.wikipedia.org/wiki/Telugu_language#Allophones,Telugu language - Wikipedia
https://en.wikipedia.org/wiki/Telugu_language#Grammar,Telugu language - Wikipedia
https://en.wikipedia.org/wiki/Telugu_language#Morphosyntax,Telugu language - Wikipedia
https://en.wikipedia.org/wiki/Telugu_language#Word_order,Telugu language - Wikipedia
https://en.wikipedia.org/wiki/Telugu_language#Noun_classes_(gender),Telugu language - Wikipedia
https://en.wikipedia.org/wiki/Telugu_language#Pronouns,Telugu language - Wikipedia
https://en.wikipedia.org/wiki/Telugu_language#Personal_pronouns,Telugu language - Wikipedia
https://en.wikipedia.org/wiki/Telugu_language#Demonstratives,Telugu language - Wikipedia
https://en.wikipedia.org/wiki/Telugu_language#Case_system,Telugu language - Wikipedia
https://en.wikipedia.org/wiki/Telugu_language#Lexicon,Telugu language - Wikipedia
https://en.wikipedia.org/wiki/Telugu_language#Prakruti_and_Vikruti,Telugu language - Wikipedia
https://en.wikipedia.org/wiki/Telugu_language#Sample_text,Telugu language - Wikipedia
https://en.wikipedia.org/wiki/Telugu_language#English,Telugu language - Wikipedia
https://en.wikipedia.org/wiki/Telugu_language#Telugu,Telugu language - Wikipedia
https://en.wikipedia.org/wiki/Telugu_language#Romanisation_(ISO_15919),Telugu language - Wikipedia
https://en.wikipedia.org/wiki/Telugu_language#IPA,Telugu language - Wikipedia
https://en.wikipedia.org/wiki/Telugu_language#Writing_system,Telugu language - Wikipedia
https://en.wikipedia.org/wiki/Telugu_language#Telugu_Guṇintālu_(తెలుగు_గుణింతాలు),Telugu language - Wikipedia
https://en.wikipedia.org/wiki/Telugu_language#Number_system,Telugu language - Wikipedia
https://en.wikipedia.org/wiki/Telugu_language#Literature,Telugu language - Wikipedia
https://en.wikipedia.org/wiki/Telugu_language#Ancient_Telugu_Writings_Period_(300_BC-500_CE),Telugu language - Wikipedia
https://en.wikipedia.org/wiki/Telugu_language#Amaravati_Stupa,Telugu language - Wikipedia
https://en.wikipedia.org/wiki/Telugu_language#Early_Medieval_Telugu_Writings_Period_(500-850_CE),Telugu language - Wikipedia
https://en.wikipedia.org/wiki/Telugu_language#Kallamalla_Writing_(575_CE),Telugu language - Wikipedia
https://en.wikipedia.org/wiki/Telugu_language#Indravarma_Sasanam,Telugu language - Wikipedia
https://en.wikipedia.org/wiki/Telugu_language#Janashrayi-Chhandovichiti,Telugu language - Wikipedia
